x,density,Estimators
3.948542856894552e-05,47.3626585274483,Welsch
4.264898750962187e-05,52.09324163224244,Welsch
4.581254645029822e-05,57.18563955434024,Welsch
4.8976105390974566e-05,62.65871355656122,Welsch
5.2139664331650926e-05,68.53170253862119,Welsch
5.530322327232727e-05,74.82412769974283,Welsch
5.846678221300362e-05,81.55567120611997,Welsch
6.163034115367998e-05,88.74602783038085,Welsch
6.479390009435634e-05,96.41472950895968,Welsch
6.795745903503268e-05,104.58094386089336,Welsch
7.112101797570903e-05,113.2632488836613,Welsch
7.428457691638539e-05,122.47938723592684,Welsch
7.744813585706173e-05,132.24600467548123,Welsch
8.061169479773808e-05,142.5783782829919,Welsch
8.377525373841444e-05,153.49014100890506,Welsch
8.69388126790908e-05,164.99300977744548,Welsch
9.010237161976714e-05,177.09652482157242,Welsch
9.326593056044348e-05,189.80780807123435,Welsch
9.642948950111984e-05,203.1313482535812,Welsch
9.95930484417962e-05,217.0688198835064,Welsch
0.0001027566073824,231.61894253854217,Welsch
0.0001059201663231,246.77738575303056,Welsch
0.0001090837252638,262.5367235776737,Welsch
0.0001122472842045,278.8864413898134,Welsch
0.0001154108431451,295.81299597490033,Welsch
0.0001185744020858,313.29992830361795,Welsch
0.0001217379610265,331.3280268761395,Welsch
0.0001249015199672,349.8755380652591,Welsch
0.0001280650789078,368.918418625481,Welsch
0.0001312286378485,388.43062449525047,Welsch
0.0001343921967892,408.3844292385096,Welsch
0.0001375557557299,428.750764966849,Welsch
0.0001407193146705,449.4995783537768,Welsch
0.0001438828736112,470.6001943803851,Welsch
0.0001470464325519,492.0216807041629,Welsch
0.0001502099914926,513.7332059757239,Welsch
0.0001533735504332,535.7043859899114,Welsch
0.0001565371093739,557.9056121937455,Welsch
0.0001597006683146,580.308357731585,Welsch
0.0001628642272553,602.8854568420115,Welsch
0.0001660277861959,625.611353996056,Welsch
0.0001691913451366,648.4623196608621,Welsch
0.0001723549040773,671.4166299795198,Welsch
0.000175518463018,694.4547079847741,Welsch
0.0001786820219587,717.5592242330699,Welsch
0.0001818455808993,740.7151549882361,Welsch
0.00018500913984,763.9097963402255,Welsch
0.0001881726987807,787.1327329553145,Welsch
0.0001913362577214,810.3757605590312,Welsch
0.000194499816662,833.6327617831467,Welsch
0.0001976633756027,856.8995356837756,Welsch
0.0002008269345434,880.1735820638985,Welsch
0.0002039904934841,903.4538426997104,Welsch
0.0002071540524247,926.7404026478858,Welsch
0.0002103176113654,950.034155957104,Welsch
0.0002134811703061,973.33644126629,Welsch
0.0002166447292468,996.648653879632,Welsch
0.0002198082881874,1019.9718418976852,Welsch
0.0002229718471281,1043.3062947896583,Welsch
0.0002261354060688,1066.651133357446,Welsch
0.0002292989650095,1090.0039103233178,Welsch
0.0002324625239502,1113.3602307437009,Welsch
0.0002356260828908,1136.7134011040805,Welsch
0.0002387896418315,1160.054115298403,Welsch
0.0002419532007722,1183.3701847747552,Welsch
0.0002451167597129,1206.6463189882925,Welsch
0.0002482803186535,1229.8639610081673,Welsch
0.0002514438775942,1253.0011817504762,Welsch
0.0002546074365349,1276.032634930534,Welsch
0.0002577709954756,1298.9295735170954,Welsch
0.0002609345544162,1321.659927291566,Welsch
0.0002640981133569,1344.18844011514,Welsch
0.0002672616722976,1366.4768647157723,Welsch
0.0002704252312383,1388.4842122344862,Welsch
0.0002735887901789,1410.167053404766,Welsch
0.0002767523491196,1431.47986804811,Welsch
0.0002799159080603,1452.3754395048634,Welsch
0.000283079467001,1472.8052906224432,Welsch
0.0002862430259417,1492.7201579254267,Welsch
0.0002894065848823,1512.0705005278985,Welsch
0.000292570143823,1530.807040156335,Welsch
0.0002957337027637,1548.881328283987,Welsch
0.0002988972617044,1566.2463358032696,Welsch
0.000302060820645,1582.8570598726142,Welsch
0.0003052243795857,1598.6711415816017,Welsch
0.0003083879385264,1613.649486921216,Welsch
0.0003115514974671,1627.7568822849826,Welsch
0.0003147150564077,1640.9625944404445,Welsch
0.0003178786153484,1653.240943693191,Welsch
0.0003210421742891,1664.5718379191203,Welsch
0.0003242057332298,1674.941254368278,Welsch
0.0003273692921704,1684.3416557431362,Welsch
0.0003305328511111,1692.7723271106418,Welsch
0.0003336964100518,1700.239620784768,Welsch
0.0003368599689925,1706.7570974563882,Welsch
0.0003400235279331,1712.3455535597234,Welsch
0.0003431870868738,1717.0329271300357,Welsch
0.0003463506458145,1720.8540771725632,Welsch
0.0003495142047552,1723.8504347456812,Welsch
0.0003526777636959,1726.0695274518123,Welsch
0.0003558413226365,1727.5643826945911,Welsch
0.0003590048815772,1728.392818754592,Welsch
0.0003621684405179,1728.616636299902,Welsch
0.0003653319994586,1728.3007262286517,Welsch
0.0003684955583992,1727.5121125893843,Welsch
0.0003716591173399,1726.318951611681,Welsch
0.0003748226762806,1724.7895094963965,Welsch
0.0003779862352213,1722.991142484143,Welsch
0.0003811497941619,1720.9893027989729,Welsch
0.0003843133531026,1718.846593343566,Welsch
0.0003874769120433,1716.6218925316946,Welsch
0.000390640470984,1714.369568447671,Welsch
0.0003938040299246,1712.1387987158869,Welsch
0.0003969675888653,1709.9730091680772,Welsch
0.000400131147806,1707.9094407518758,Welsch
0.0004032947067467,1705.97885028384,Welsch
0.0004064582656874,1704.2053467686076,Welsch
0.000409621824628,1702.6063612335995,Welsch
0.0004127853835687,1701.1927445043088,Welsch
0.0004159489425094,1699.968984186812,Welsch
0.0004191125014501,1698.9335294283624,Welsch
0.0004222760603907,1698.0792098596958,Welsch
0.0004254396193314,1697.393733524014,Welsch
0.0004286031782721,1696.8602475766852,Welsch
0.0004317667372128,1696.457945080136,Welsch
0.0004349302961534,1696.1627012804936,Welsch
0.0004380938550941,1695.9477232790732,Welsch
0.0004412574140348,1695.7841979316256,Welsch
0.0004444209729755,1695.6419240455614,Welsch
0.0004475845319161,1695.4899164211186,Welsch
0.0004507480908568,1695.2969709232718,Welsch
0.0004539116497975,1695.0321815111813,Welsch
0.0004570752087382,1694.6654019353623,Welsch
0.0004602387676789,1694.1676465977644,Welsch
0.0004634023266195,1693.51142682439,Welsch
0.0004665658855602,1692.6710205054517,Welsch
0.0004697294445009,1691.622674701611,Welsch
0.0004728930034416,1690.3447423899988,Welsch
0.0004760565623822,1688.8177560262332,Welsch
0.0004792201213229,1687.0244420201172,Welsch
0.0004823836802636,1684.949681551643,Welsch
0.0004855472392043,1682.5804243708676,Welsch
0.0004887107981449,1679.905563301735,Welsch
0.0004918743570856,1676.9157780715857,Welsch
0.0004950379160263,1673.6033577717087,Welsch
0.000498201474967,1669.9620116762767,Welsch
0.0005013650339076,1665.9866782618665,Welsch
0.0005045285928483,1661.6733420406113,Welsch
0.000507692151789,1657.018867217355,Welsch
0.0005108557107297,1652.0208561951015,Welsch
0.0005140192696703,1646.677539588864,Welsch
0.000517182828611,1640.9877026981487,Welsch
0.0005203463875517,1634.9506513859506,Welsch
0.0005235099464924,1628.566218095589,Welsch
0.0005266735054331,1621.8348064052686,Welsch
0.0005298370643737,1614.7574701892404,Welsch
0.0005330006233144,1607.3360212504542,Welsch
0.0005361641822551,1599.5731573410378,Welsch
0.0005393277411958,1591.4726009181957,Welsch
0.0005424913001364,1583.039237902679,Welsch
0.0005456548590771,1574.2792452019971,Welsch
0.0005488184180178,1565.200195888395,Welsch
0.0005519819769585,1555.811131703128,Welsch
0.0005551455358991,1546.1225939783403,Welsch
0.0005583090948398,1536.146606068022,Welsch
0.0005614726537805,1525.8966028671246,Welsch
0.0005646362127212,1515.3873058452607,Welsch
0.0005677997716618,1504.6345450750002,Welsch
0.0005709633306025,1493.6550328237147,Welsch
0.0005741268895432,1482.466096223917,Welsch
0.0005772904484839,1471.085379165963,Welsch
0.0005804540074246,1459.5305257093191,Welsch
0.0005836175663652,1447.818858849051,Welsch
0.0005867811253059,1435.9670693027194,Welsch
0.0005899446842466,1423.990929036835,Welsch
0.0005931082431873,1411.905043515198,Welsch
0.0005962718021279,1399.7226551512615,Welsch
0.0005994353610686,1387.4555082539323,Welsch
0.0006025989200093,1375.1137829821848,Welsch
0.00060576247895,1362.7061026103163,Welsch
0.0006089260378906,1350.2396149193644,Welsch
0.0006120895968313,1337.7201449518627,Welsch
0.000615253155772,1325.1524128799672,Welsch
0.0006184167147127,1312.5403075180627,Welsch
0.0006215802736533,1299.887203221446,Welsch
0.000624743832594,1287.1963056864142,Welsch
0.0006279073915347,1274.471010610037,Welsch
0.0006310709504754,1261.7152583466652,Welsch
0.000634234509416,1248.9338676432874,Welsch
0.0006373980683567,1236.1328322385343,Welsch
0.0006405616272974,1223.319565526126,Welsch
0.0006437251862381,1210.5030805351985,Welsch
0.0006468887451788,1197.6940950638889,Welsch
0.0006500523041194,1184.9050547948325,Welsch
0.0006532158630601,1172.1500704830448,Welsch
0.0006563794220008,1159.4447686963003,Welsch
0.0006595429809415,1146.8060589617023,Welsch
0.0006627065398821,1134.2518233955411,Welsch
0.0006658700988228,1121.8005378448904,Welsch
0.0006690336577635,1109.4708361444675,Welsch
0.0006721972167042,1097.2810312074562,Welsch
0.0006753607756448,1085.2486082640476,Welsch
0.0006785243345855,1073.3897065981564,Welsch
0.0006816878935262,1061.7186065979351,Welsch
0.0006848514524669,1050.247238835208,Welsch
0.0006880150114075,1038.9847312504082,Welsch
0.0006911785703482,1027.937009385642,Welsch
0.0006943421292889,1017.1064630357234,Welsch
0.0006975056882296,1006.4916907426908,Welsch
0.0007006692471703,996.0873313167148,Welsch
0.0007038328061109,985.883989103664,Welsch
0.0007069963650516,975.8682571151965,Welsch
0.0007101599239923,966.0228394690264,Welsch
0.000713323482933,956.3267719288294,Welsch
0.0007164870418736,946.7557367545094,Welsch
0.0007196506008143,937.28246563723,Welsch
0.000722814159755,927.8772222560304,Welsch
0.0007259777186957,918.5083540021678,Welsch
0.0007291412776363,909.1429007146731,Welsch
0.000732304836577,899.7472468879488,Welsch
0.0007354683955177,890.2878027742537,Welsch
0.0007386319544584,880.7316991266939,Welsch
0.000741795513399,871.0474800199584,Welsch
0.0007449590723397,861.2057782466377,Welsch
0.0007481226312804,851.1799582090823,Welsch
0.0007512861902211,840.9467119951099,Welsch
0.0007544497491618,830.48659541829,Welsch
0.0007576133081024,819.7844921908546,Welsch
0.0007607768670431,808.8299960444966,Welsch
0.0007639404259838,797.6177024805367,Welsch
0.0007671039849245,786.1474038712056,Welsch
0.0007702675438651,774.424183798899,Welsch
0.0007734311028058,762.4584087593939,Welsch
0.0007765946617465,750.2656176151411,Welsch
0.0007797582206872,737.8663114132673,Welsch
0.0007829217796278,725.2856483289366,Welsch
0.0007860853385685,712.5530505085754,Welsch
0.0007892488975092,699.7017314246289,Welsch
0.0007924124564499,686.7681539729629,Welsch
0.0007955760153905,673.7914309115707,Welsch
0.0007987395743312,660.8126803256789,Welsch
0.0008019031332719,647.8743495895529,Welsch
0.0008050666922126,635.0195217643926,Welsch
0.0008082302511532,622.2912185194374,Welsch
0.0008113938100939,609.7317134910094,Welsch
0.0008145573690346,597.381869510954,Welsch
0.0008177209279753,585.2805123583014,Welsch
0.000820884486916,573.4638526389405,Welsch
0.0008240480458566,561.9649661067166,Welsch
0.0008272116047973,550.8133412400813,Welsch
0.000830375163738,540.034501219822,Welsch
0.0008335387226787,529.6497056574527,Welsch
0.0008367022816193,519.6757355452377,Welsch
0.00083986584056,510.1247629829475,Welsch
0.0008430293995007,501.0043053299492,Welsch
0.0008461929584414,492.3172615790867,Welsch
0.000849356517382,484.0620269951856,Welsch
0.0008525200763227,476.2326804472605,Welsch
0.0008556836352634,468.81923742722927,Welsch
0.0008588471942041,461.80796052317856,Welsch
0.0008620107531447,455.1817181304848,Welsch
0.0008651743120854,448.9203814622505,Welsch
0.0008683378710261,443.00124947804846,Welsch
0.0008715014299668,437.3994911962361,Welsch
0.0008746649889075,432.08859499162105,Welsch
0.0008778285478481,427.0408149004701,Welsch
0.0008809921067888,422.2276046437432,Welsch
0.0008841556657295,417.6200310132617,Welsch
0.0008873192246702,413.1891594122385,Welsch
0.0008904827836108,408.9064056610714,Welsch
0.0008936463425515,404.7438496245997,Welsch
0.0008968099014922,400.67450773522063,Welsch
0.0008999734604329,396.6725630206404,Welsch
0.0009031370193735,392.7135527369066,Welsch
0.0009063005783142,388.7745150988208,Welsch
0.0009094641372549,384.8340978360315,Welsch
0.0009126276961956,380.8726323356544,Welsch
0.0009157912551362,376.8721779212418,Welsch
0.0009189548140769,372.816541335045,Welsch
0.0009221183730176,368.69127672028986,Welsch
0.0009252819319583,364.4836713420614,Welsch
0.000928445490899,360.1827219536978,Welsch
0.0009316090498396,355.77910613922177,Welsch
0.0009347726087803,351.2651521840219,Welsch
0.000937936167721,346.6348100989996,Welsch
0.0009410997266617,341.8836254097705,Welsch
0.0009442632856023,337.00871628823177,Welsch
0.000947426844543,332.0087536155164,Welsch
0.0009505904034837,326.88394268572046,Welsch
0.0009537539624244,321.6360045434509,Welsch
0.000956917521365,316.26815443839297,Welsch
0.0009600810803057,310.78507460536304,Welsch
0.0009632446392464,305.1928785509523,Welsch
0.0009664081981871,299.4990642430409,Welsch
0.0009695717571277,293.7124540355,Welsch
0.0009727353160684,287.8431197805403,Welsch
0.0009758988750091,281.9022923362109,Welsch
0.0009790624339498,275.9022555085732,Welsch
0.0009822259928904,269.856225314441,Welsch
0.0009853895518311,263.7782162489004,Welsch
0.0009885531107718,257.68289693411856,Welsch
0.0009917166697125,251.5854380631845,Welsch
0.0009948802286532,245.501355898136,Welsch
0.0009980437875938,239.4463547130846,Welsch
0.0010012073465345,233.4361714861145,Welsch
0.0010043709054752,227.48642584851123,Welsch
0.0010075344644159,221.612477823838,Welsch
0.0010106980233565,215.82929527260663,Welsch
0.0010138615822972,210.15133225140275,Welsch
0.0010170251412379,204.5924187552749,Welsch
0.0010201887001786,199.1656615979772,Welsch
0.0010233522591192,193.88335555286443,Welsch
0.0010265158180599,188.7569033778365,Welsch
0.0010296793770006,183.7967430202748,Welsch
0.0010328429359413,179.0122801687336,Welsch
0.0010360064948819,174.4118243983535,Welsch
0.0010391700538226,170.0025274415802,Welsch
0.0010423336127633,165.79032258434395,Welsch
0.001045497171704,161.77986480554483,Welsch
0.0010486607306447,157.97447199817412,Welsch
0.0010518242895853,154.3760683787707,Welsch
0.001054987848526,150.98513194886164,Welsch
0.0010581514074667,147.80064855768154,Welsch
0.0010613149664074,144.82007567372233,Welsch
0.001064478525348,142.03931935495666,Welsch
0.0010676420842887,139.45272807609706,Welsch
0.0010708056432294,137.0531070016687,Welsch
0.0010739692021701,134.83175597651507,Welsch
0.0010771327611107,132.77853394691306,Welsch
0.0010802963200514,130.88195174715509,Welsch
0.0010834598789921,129.12929422367668,Welsch
0.0010866234379328,127.50677156859388,Welsch
0.0010897869968734,125.99969855271996,Welsch
0.0010929505558141,124.59269914603988,Welsch
0.0010961141147548,123.26993285421646,Welsch
0.0010992776736955,122.01533804413148,Welsch
0.0011024412326361,120.8128866354162,Welsch
0.0011056047915768,119.6468438456475,Welsch
0.0011087683505175,118.5020262306968,Welsch
0.0011119319094582,117.36405108210292,Welsch
0.0011150954683989,116.21957034016462,Welsch
0.0011182590273395,115.05648255048985,Welsch
0.0011214225862802,113.86411701555802,Welsch
0.0011245861452209,112.63338514194216,Welsch
0.0011277497041616,111.35689501858955,Welsch
0.0011309132631022,110.0290264347524,Welsch
0.0011340768220429,108.64596480556033,Welsch
0.0011372403809836,107.20569376450568,Welsch
0.0011404039399243,105.70794745170848,Welsch
0.0011435674988649,104.1541247244574,Welsch
0.0011467310578056,102.54716859765442,Welsch
0.0011498946167463,100.89141514936684,Welsch
0.001153058175687,99.19241687257026,Welsch
0.0011562217346276,97.45674599989177,Welsch
0.0011593852935683,95.69178366514936,Welsch
0.001162548852509,93.90550089472596,Welsch
0.0011657124114497,92.10623735304542,Welsch
0.0011688759703904,90.30248351687676,Welsch
0.001172039529331,88.5026715460774,Welsch
0.0011752030882717,86.71497958116632,Welsch
0.0011783666472124,84.94715356064484,Welsch
0.0011815302061531,83.20634994381331,Welsch
0.0011846937650937,81.49900197755213,Welsch
0.0011878573240344,79.8307113854149,Welsch
0.0011910208829751,78.206166608316,Welsch
0.0011941844419158,76.629088007901,Welsch
0.0011973480008564,75.10219977173851,Welsch
0.0012005115597971,73.62722764483489,Welsch
0.0012036751187378,72.20492106160938,Welsch
0.0012068386776785,70.83509777002105,Welsch
0.0012100022366191,69.51670862602862,Welsch
0.0012131657955598,68.24791989134411,Welsch
0.0012163293545005,67.02621008908972,Welsch
0.0012194929134412,65.84847825908858,Welsch
0.0012226564723819,64.71116030641868,Welsch
0.0012258200313225,63.61035005386089,Welsch
0.0012289835902632,62.54192159257451,Welsch
0.0012321471492039,61.50164957828331,Welsch
0.0012353107081446,60.48532424565261,Welsch
0.0012384742670852,59.48885811446632,Welsch
0.0012416378260259,58.50838163984528,Welsch
0.0012448013849666,57.54032541542104,Welsch
0.0012479649439073,56.58148697070943,Welsch
0.0012511285028479,55.62908070601554,Welsch
0.0012542920617886,54.68077007010143,Welsch
0.0012574556207293,53.73468169329062,Welsch
0.00126061917967,52.78940182315415,Welsch
0.0012637827386106,51.843956049171645,Welsch
0.0012669462975513,50.897773921609016,Welsch
0.001270109856492,49.95064064140168,Welsch
0.0012732734154327,49.00263849494024,Welsch
0.0012764369743733,48.05408110453517,Welsch
0.001279600533314,47.10544383929855,Welsch
0.0012827640922547,46.15729386423506,Welsch
0.0012859276511954,45.2102232856378,Welsch
0.0012890912101361,44.26478867387028,Welsch
0.0012922547690767,43.32145991371396,Welsch
0.0012954183280174,42.38058085932128,Welsch
0.0012985818869581,41.442343675028695,Welsch
0.0013017454458988,40.5067780515984,Welsch
0.0013049090048394,39.57375573244614,Welsch
0.0013080725637801,38.64301000283448,Welsch
0.0013112361227208,37.7141690257749,Welsch
0.0013143996816615,36.78680119038732,Welsch
0.0013175632406021,35.8604700084037,Welsch
0.0013207267995428,34.93479558472469,Welsch
0.0013238903584835,34.0095193246414,Welsch
0.0013270539174242,33.08456834202998,Welsch
0.0013302174763648,32.160116009338715,Welsch
0.0013333810353055,31.23663524211996,Welsch
0.0013365445942462,30.31494142965568,Welsch
0.0013397081531869,29.396222391717693,Welsch
0.0013428717121276,28.48205333500612,Welsch
0.0013460352710682,27.57439547058636,Welsch
0.0013491988300089,26.67557770070855,Welsch
0.0013523623889496,25.788261552506604,Welsch
0.0013555259478903,24.915390289798903,Welsch
0.0013586895068309,24.06012383692262,Welsch
0.0013618530657716,23.225761768231543,Welsch
0.0013650166247123,22.415657126761268,Welsch
0.001368180183653,21.63312421517145,Welsch
0.0013713437425936,20.88134373813422,Welsch
0.0013745073015343,20.16326876207064,Welsch
0.001377670860475,19.481534897195647,Welsch
0.0013808344194157,18.838377906818906,Welsch
0.0013839979783563,18.23556162448054,Welsch
0.001387161537297,17.67431863052508,Welsch
0.0013903250962377,17.155305629577583,Welsch
0.0013934886551784,16.67857490485632,Welsch
0.0013966522141191,16.24356263096258,Welsch
0.0013998157730597,15.84909422987324,Welsch
0.0014029793320004,15.493406379720112,Welsch
0.0014061428909411,15.174184754182347,Welsch
0.0014093064498818,14.888616099943548,Welsch
0.0014124700088224,14.633452864502308,Welsch
0.0014156335677631,14.405088276043834,Welsch
0.0014187971267038,14.199639555945105,Welsch
0.0014219606856445,14.013036813370356,Welsch
0.0014251242445851,13.84111512699972,Welsch
0.0014282878035258,13.679707354589024,Welsch
0.0014314513624665,13.524735317523838,Welsch
0.0014346149214072,13.372297173677277,Welsch
0.0014377784803478,13.218749005489665,Welsch
0.0014409420392885,13.060778898697484,Welsch
0.0014441055982292,12.89547205833594,Welsch
0.0014472691571699,12.72036579123709,Welsch
0.0014504327161105,12.533493468356426,Welsch
0.0014535962750512,12.33341685771061,Welsch
0.0014567598339919,12.119246483218904,Welsch
0.0014599233929326,11.890649911965438,Welsch
0.0014630869518733,11.647848099818736,Welsch
0.0014662505108139,11.391600132069303,Welsch
0.0014694140697546,11.123176882195658,Welsch
0.0014725776286953,10.84432427942789,Welsch
0.001475741187636,10.557217026381217,Welsch
0.0014789047465766,10.264403743776636,Welsch
0.0014820683055173,9.968744642030662,Welsch
0.001485231864458,9.67334293062784,Welsch
0.0014883954233987,9.381471276241976,Welsch
0.0014915589823393,9.096494709165372,Welsch
0.00149472254128,8.82179145334628,Welsch
0.0014978861002207,8.5606732158768,Welsch
0.0015010496591614,8.316306513937237,Welsch
0.001504213218102,8.091636637219171,Welsch
0.0015073767770427,7.889315837637804,Welsch
0.0015105403359834,7.711637301680319,Welsch
0.0015137038949241,7.560476390404124,Welsch
0.0015168674538648,7.437240525089634,Welsch
0.0015200310128054,7.342828951193564,Welsch
0.0015231945717461,7.277603429327696,Welsch
0.0015263581306868,7.241370680961211,Welsch
0.0015295216896275,7.233377161695085,Welsch
0.0015326852485681,7.252316451415501,Welsch
0.0015358488075088,7.29634924531234,Welsch
0.0015390123664495,7.363135611150404,Welsch
0.0015421759253902,7.44987885610008,Welsch
0.0015453394843308,7.553380031573099,Welsch
0.0015485030432715,7.670101808008721,Welsch
0.0015516666022122,7.796240184483067,Welsch
0.0015548301611529,7.927802270816696,Welsch
0.0015579937200935,8.060688201835156,Welsch
0.0015611572790342,8.190775122249851,Welsch
0.0015643208379749,8.3140011218585,Welsch
0.0015674843969156,8.426447007604487,Welsch
0.0015706479558562,8.524413872052799,Welsch
0.0015738115147969,8.604494554917165,Welsch
0.0015769750737376,8.663637290645742,Welsch
0.0015801386326783,8.69920008354213,Welsch
0.001583302191619,8.708994643143154,Welsch
0.0015864657505596,8.691319035594741,Welsch
0.0015896293095003,8.644978549395749,Welsch
0.001592792868441,8.569294623363168,Welsch
0.0015959564273817,8.464102028265332,Welsch
0.0015991199863223,8.329734819116455,Welsch
0.001602283545263,8.167001871602647,Welsch
0.0016054471042037,7.977153074079483,Welsch
0.0016086106631444,7.761837458569096,Welsch
0.001611774222085,7.523054714912456,Welsch
0.0016149377810257,7.263101638756647,Welsch
0.0016181013399664,6.9845151157557925,Welsch
5.361195052696199e-05,47.45439762030221,Hampel's three-part
5.843970132794331e-05,53.73781146884385,Hampel's three-part
6.326745212892463e-05,60.618298829138425,Hampel's three-part
6.809520292990596e-05,68.11961308512721,Hampel's three-part
7.292295373088728e-05,76.26256664219291,Hampel's three-part
7.77507045318686e-05,85.06472549659688,Hampel's three-part
8.257845533284991e-05,94.54017528675598,Hampel's three-part
8.740620613383125e-05,104.69936790420836,Hampel's three-part
9.223395693481256e-05,115.549054349074,Hampel's three-part
9.706170773579388e-05,127.09230561156572,Hampel's three-part
0.0001018894585367,139.32861915270598,Hampel's three-part
0.0001067172093377,152.2541042829665,Hampel's three-part
0.0001115449601387,165.86173565531857,Hampel's three-part
0.0001163727109397,180.1416604595987,Hampel's three-part
0.0001212004617407,195.081541973034,Hampel's three-part
0.0001260282125416,210.66692009926408,Hampel's three-part
0.0001308559633426,226.88156857932069,Hampel's three-part
0.0001356837141436,243.7078287863046,Hampel's three-part
0.0001405114649446,261.1269014554715,Hampel's three-part
0.0001453392157456,279.1190803142749,Hampel's three-part
0.0001501669665465,297.6639152506047,Hampel's three-part
0.0001549947173475,316.7402972111189,Hampel's three-part
0.0001598224681485,336.3264622141648,Hampel's three-part
0.0001646502189495,356.3999174037772,Hampel's three-part
0.0001694779697505,376.9372976396058,Hampel's three-part
0.0001743057205514,397.9141663727058,Hampel's three-part
0.0001791334713524,419.3047791613615,Hampel's three-part
0.0001839612221534,441.08183181794703,Hampel's three-part
0.0001887889729544,463.2162175718657,Hampel's three-part
0.0001936167237554,485.67681856803216,Hampel's three-part
0.0001984444745564,508.43035635510586,Hampel's three-part
0.0002032722253573,531.4413237020493,Hampel's three-part
0.0002080999761583,554.6720161654387,Hampel's three-part
0.0002129277269593,578.0826764676893,Hampel's three-part
0.0002177554777603,601.6317581965217,Hampel's three-part
0.0002225832285613,625.2763079521284,Hampel's three-part
0.0002274109793622,648.9724572848024,Hampel's three-part
0.0002322387301632,672.6760080728288,Hampel's three-part
0.0002370664809642,696.3430879079424,Hampel's three-part
0.0002418942317652,719.9308460959118,Hampel's three-part
0.0002467219825662,743.3981565130566,Hampel's three-part
0.0002515497333671,766.706291174473,Hampel's three-part
0.0002563774841681,789.8195282406934,Hampel's three-part
0.0002612052349691,812.7056604466159,Hampel's three-part
0.0002660329857701,835.3363745460716,Hampel's three-part
0.0002708607365711,857.6874791224362,Hampel's three-part
0.0002756884873721,879.7389666457827,Hampel's three-part
0.000280516238173,901.4749054377196,Hampel's three-part
0.000285343988974,922.8831675937696,Hampel's three-part
0.000290171739775,943.9550091921172,Hampel's three-part
0.000294999490576,964.6845285443894,Hampel's three-part
0.000299827241377,985.0680361090584,Hampel's three-part
0.0003046549921779,1005.1033753696688,Hampel's three-part
0.0003094827429789,1024.789236999982,Hampel's three-part
0.0003143104937799,1044.1245087045058,Hampel's three-part
0.0003191382445809,1063.1077001598562,Hampel's three-part
0.0003239659953819,1081.7364766477826,Hampel's three-part
0.0003287937461828,1100.007326648091,Hampel's three-part
0.0003336214969838,1117.9153784395303,Hampel's three-part
0.0003384492477848,1135.454369391244,Hampel's three-part
0.0003432769985858,1152.6167599787364,Hampel's three-part
0.0003481047493868,1169.3939735270542,Hampel's three-part
0.0003529325001878,1185.7767331421005,Hampel's three-part
0.0003577602509887,1201.7554600035746,Hampel's three-part
0.0003625880017897,1217.3206927604058,Hampel's three-part
0.0003674157525907,1232.4634865677326,Hampel's three-part
0.0003722435033917,1247.1757524572688,Hampel's three-part
0.0003770712541927,1261.4505030923258,Hampel's three-part
0.0003818990049936,1275.2819791178922,Hampel's three-part
0.0003867267557946,1288.66564063726,Hampel's three-part
0.0003915545065956,1301.598020012507,Hampel's three-part
0.0003963822573966,1314.0764442653642,Hampel's three-part
0.0004012100081976,1326.098646878007,Hampel's three-part
0.0004060377589985,1337.662298830773,Hampel's three-part
0.0004108655097995,1348.7644964524422,Hampel's three-part
0.0004156932606005,1359.401248469282,Hampel's three-part
0.0004205210114015,1369.567006123861,Hampel's three-part
0.0004253487622025,1379.2542782642277,Hampel's three-part
0.0004301765130035,1388.4533680235872,Hampel's three-part
0.0004350042638044,1397.1522595295244,Hampel's three-part
0.0004398320146054,1405.3366726405457,Hampel's three-part
0.0004446597654064,1412.9902918242262,Hampel's three-part
0.0004494875162074,1420.0951628946548,Hampel's three-part
0.0004543152670084,1426.6322393841217,Hampel's three-part
0.0004591430178093,1432.5820497574698,Hampel's three-part
0.0004639707686103,1437.925448293098,Hampel's three-part
0.0004687985194113,1442.6444068755704,Hampel's three-part
0.0004736262702123,1446.7228025598035,Hampel's three-part
0.0004784540210133,1450.147156701033,Hampel's three-part
0.0004832817718142,1452.9072855496306,Hampel's three-part
0.0004881095226152,1454.9968290786246,Hampel's three-part
0.0004929372734162,1456.413633816083,Hampel's three-part
0.0004977650242172,1457.1599758005357,Hampel's three-part
0.0005025927750182,1457.2426205783786,Hampel's three-part
0.0005074205258192,1456.6727275165338,Hampel's three-part
0.0005122482766201,1455.4656147751534,Hampel's three-part
0.0005170760274211,1453.6404083811256,Hampel's three-part
0.0005219037782221,1451.2196034690946,Hampel's three-part
0.0005267315290231,1448.2285676640684,Hampel's three-part
0.0005315592798241,1444.6950157787337,Hampel's three-part
0.000536387030625,1440.648481754374,Hampel's three-part
0.000541214781426,1436.1198085741105,Hampel's three-part
0.000546042532227,1431.1406703770597,Hampel's three-part
0.000550870283028,1425.7431339601042,Hampel's three-part
0.000555698033829,1419.959260052082,Hampel's three-part
0.00056052578463,1413.8207389126574,Hampel's three-part
0.0005653535354309,1407.358550549701,Hampel's three-part
0.0005701812862319,1400.6026375905706,Hampel's three-part
0.0005750090370329,1393.5815787901868,Hampel's three-part
0.0005798367878339,1386.3222532875586,Hampel's three-part
0.0005846645386349,1378.8494897803712,Hampel's three-part
0.0005894922894358,1371.1857003273783,Hampel's three-part
0.0005943200402368,1363.3505049127157,Hampel's three-part
0.0005991477910378,1355.3603595275815,Hampel's three-part
0.0006039755418388,1347.2282066289786,Hampel's three-part
0.0006088032926398,1338.9631717497498,Hampel's three-part
0.0006136310434407,1330.5703331852208,Hampel's three-part
0.0006184587942417,1322.0505926440874,Hampel's three-part
0.0006232865450427,1313.4006732828643,Hampel's three-part
0.0006281142958437,1304.6132676032887,Hampel's three-part
0.0006329420466447,1295.6773514419438,Hampel's three-part
0.0006377697974457,1286.578672071991,Hampel's three-part
0.0006425975482466,1277.3004087772113,Hampel's three-part
0.0006474252990476,1267.8239937817596,Hampel's three-part
0.0006522530498486,1258.1300708285994,Hampel's three-part
0.0006570808006496,1248.1995587280865,Hampel's three-part
0.0006619085514506,1238.0147785454603,Hampel's three-part
0.0006667363022515,1227.5605963914084,Hampel's three-part
0.0006715640530525,1216.8255295320712,Hampel's three-part
0.0006763918038535,1205.8027621025103,Hampel's three-part
0.0006812195546545,1194.4910182726871,Hampel's three-part
0.0006860473054555,1182.8952452732592,Hampel's three-part
0.0006908750562564,1171.027066045083,Hampel's three-part
0.0006957028070574,1158.9049710637953,Hampel's three-part
0.0007005305578584,1146.554230586272,Hampel's three-part
0.0007053583086594,1134.0065215291015,Hampel's three-part
0.0007101860594604,1121.299276701455,Hampel's three-part
0.0007150138102614,1108.474777425333,Hampel's three-part
0.0007198415610623,1095.5790229502525,Hampel's three-part
0.0007246693118633,1082.6604208335327,Hampel's three-part
0.0007294970626643,1069.768351041648,Hampel's three-part
0.0007343248134653,1056.951662497503,Hampel's three-part
0.0007391525642663,1044.257163877467,Hampel's three-part
0.0007439803150672,1031.72817054491,Hampel's three-part
0.0007488080658682,1019.403166656243,Hampel's three-part
0.0007536358166692,1007.3146359128187,Hampel's three-part
0.0007584635674702,995.4881065120724,Hampel's three-part
0.0007632913182712,983.9414460372622,Hampel's three-part
0.0007681190690721,972.6844308522078,Hampel's three-part
0.0007729468198731,961.7186026090736,Hampel's three-part
0.0007777745706741,951.037412312512,Hampel's three-part
0.0007826023214751,940.6266405652824,Hampel's three-part
0.0007874300722761,930.4650716542724,Hampel's three-part
0.0007922578230771,920.5253894573058,Hampel's three-part
0.000797085573878,910.775255119047,Hampel's three-part
0.000801913324679,901.1785203284649,Hampel's three-part
0.00080674107548,891.6965260155599,Hampel's three-part
0.000811568826281,882.2894344651558,Hampel's three-part
0.000816396577082,872.9175432339139,Hampel's three-part
0.0008212243278829,863.5425317820144,Hampel's three-part
0.0008260520786839,854.1285962477464,Hampel's three-part
0.0008308798294849,844.6434340814003,Hampel's three-part
0.0008357075802859,835.059048027233,Hampel's three-part
0.0008405353310869,825.3523478497958,Hampel's three-part
0.0008453630818878,815.5055378413808,Hampel's three-part
0.0008501908326888,805.5062880787831,Hampel's three-part
0.0008550185834898,795.3476971528563,Hampel's three-part
0.0008598463342908,785.0280632023579,Hampel's three-part
0.0008646740850918,774.5504880928962,Hampel's three-part
0.0008695018358928,763.9223460859176,Hampel's three-part
0.0008743295866937,753.1546530072051,Hampel's three-part
0.0008791573374947,742.2613745109932,Hampel's three-part
0.0008839850882957,731.2587124233579,Hampel's three-part
0.0008888128390967,720.16440634596,Hampel's three-part
0.0008936405898977,708.9970838537762,Hampel's three-part
0.0008984683406986,697.7756870040696,Hampel's three-part
0.0009032960914996,686.5189958811152,Hampel's three-part
0.0009081238423006,675.2452620155092,Hampel's three-part
0.0009129515931016,663.9719562801183,Hampel's three-part
0.0009177793439026,652.7156278380711,Hampel's three-part
0.0009226070947035,641.4918634400304,Hampel's three-part
0.0009274348455045,630.315330314612,Hampel's three-part
0.0009322625963055,619.1998814433209,Hampel's three-part
0.0009370903471065,608.1586994097971,Hampel's three-part
0.0009419180979075,597.2044543665991,Hampel's three-part
0.0009467458487085,586.3494529254294,Hampel's three-part
0.0009515735995094,575.6057577586271,Hampel's three-part
0.0009564013503104,564.9852620876101,Hampel's three-part
0.0009612291011114,554.4997086174087,Hampel's three-part
0.0009660568519124,544.1606483876384,Hampel's three-part
0.0009708846027134,533.9793409611556,Hampel's three-part
0.0009757123535143,523.966602895577,Hampel's three-part
0.0009805401043153,514.1326161307683,Hampel's three-part
0.0009853678551163,504.48671145512617,Hampel's three-part
0.0009901956059173,495.0371443710023,Hampel's three-part
0.0009950233567183,485.7908813690465,Hampel's three-part
0.0009998511075193,476.7534138648733,Hampel's three-part
0.0010046788583202,467.9286149797291,Hampel's three-part
0.0010095066091212,459.3186511805511,Hampel's three-part
0.0010143343599222,450.9239568211363,Hampel's three-part
0.0010191621107232,442.7432751729726,Hampel's three-part
0.0010239898615242,434.7737649410561,Hampel's three-part
0.0010288176123251,427.0111668552183,Hampel's three-part
0.0010336453631261,419.45002100392594,Hampel's three-part
0.0010384731139271,412.0839223782643,Hampel's three-part
0.0010433008647281,404.9057997988358,Hampel's three-part
0.0010481286155291,397.9082021196271,Hampel's three-part
0.00105295636633,391.0835753831482,Hampel's three-part
0.001057784117131,384.4245154162052,Hampel's three-part
0.001062611867932,377.9239821215628,Hampel's three-part
0.001067439618733,371.57546430168,Hampel's three-part
0.001072267369534,365.3730870690285,Hampel's three-part
0.001077095120335,359.3116575457349,Hampel's three-part
0.0010819228711359,353.3866484069073,Hampel's three-part
0.0010867506219369,347.59412264432035,Hampel's three-part
0.0010915783727379,341.93060649334154,Hampel's three-part
0.0010964061235389,336.392920567309,Hampel's three-part
0.0011012338743399,330.97798170071627,Hampel's three-part
0.0011060616251408,325.6825896760421,Hampel's three-part
0.0011108893759418,320.5032138079647,Hampel's three-part
0.0011157171267428,315.4357942462207,Hampel's three-part
0.0011205448775438,310.4755718550626,Hampel's three-part
0.0011253726283448,305.6169587099958,Hampel's three-part
0.0011302003791457,300.8534587491813,Hampel's three-part
0.0011350281299467,296.177645098666,Hampel's three-part
0.0011398558807477,291.5811972584129,Hampel's three-part
0.0011446836315487,287.0549979073272,Hampel's three-part
0.0011495113823497,282.58928577679194,Hampel's three-part
0.0011543391331507,278.17385805421725,Hampel's three-part
0.0011591668839516,273.7983132802675,Hampel's three-part
0.0011639946347526,269.4523238222852,Hampel's three-part
0.0011688223855536,265.1259258174469,Hampel's three-part
0.0011736501363546,260.8098140031489,Hampel's three-part
0.0011784778871556,256.4956290565799,Hampel's three-part
0.0011833056379565,252.17622587049675,Hampel's three-part
0.0011881333887575,247.845912480791,Hampel's three-part
0.0011929611395585,243.5006509922145,Hampel's three-part
0.0011977888903595,239.1382136709904,Hampel's three-part
0.0012026166411605,234.75828924199752,Hampel's three-part
0.0012074443919614,230.3625362185818,Hampel's three-part
0.0012122721427624,225.9545817104178,Hampel's three-part
0.0012170998935634,221.5399655434749,Hampel's three-part
0.0012219276443644,217.1260306720844,Hampel's three-part
0.0012267553951654,212.72176179260296,Hampel's three-part
0.0012315831459664,208.33757484146645,Hampel's three-part
0.0012364108967673,203.9850607616215,Hampel's three-part
0.0012412386475683,199.6766876449008,Hampel's three-part
0.0012460663983693,195.4254661937932,Hampel's three-part
0.0012508941491703,191.2445844645751,Hampel's three-part
0.0012557218999713,187.1470190917658,Hampel's three-part
0.0012605496507722,183.14513164436764,Hampel's three-part
0.0012653774015732,179.25026037053388,Hampel's three-part
0.0012702051523742,175.47231924161244,Hampel's three-part
0.0012750329031752,171.81941775667897,Hampel's three-part
0.0012798606539762,168.29751622837136,Hampel's three-part
0.0012846884047771,164.91013203687046,Hampel's three-part
0.0012895161555781,161.65811241125644,Hampel's three-part
0.0012943439063791,158.53948850215565,Hampel's three-part
0.0012991716571801,155.5494237209909,Hampel's three-part
0.0013039994079811,152.68026648215047,Hampel's three-part
0.0013088271587821,149.92171362156722,Hampel's three-part
0.001313654909583,147.2610859976284,Hampel's three-part
0.001318482660384,144.68371231980862,Hampel's three-part
0.001323310411185,142.1734113929459,Hampel's three-part
0.001328138161986,139.71305707388854,Hampel's three-part
0.001332965912787,137.28520471736817,Hampel's three-part
0.0013377936635879,134.8727531558016,Hampel's three-part
0.0013426214143889,132.4596127064451,Hampel's three-part
0.0013474491651899,130.03134766469876,Hampel's three-part
0.0013522769159909,127.57576147087104,Hampel's three-part
0.0013571046667919,125.08339436123036,Hampel's three-part
0.0013619324175929,122.54790683270843,Hampel's three-part
0.0013667601683938,119.96632752589548,Hampel's three-part
0.0013715879191948,117.33915089123656,Hampel's three-part
0.0013764156699958,114.67027785944902,Hampel's three-part
0.0013812434207968,111.96680120893818,Hampel's three-part
0.0013860711715978,109.23864587332548,Hampel's three-part
0.0013908989223987,106.49808250666328,Hampel's three-part
0.0013957266731997,103.75913969184208,Hampel's three-part
0.0014005544240007,101.036945771981,Hampel's three-part
0.0014053821748017,98.34703503613424,Hampel's three-part
0.0014102099256027,95.70465465564097,Hampel's three-part
0.0014150376764036,93.12410824424548,Hampel's three-part
0.0014198654272046,90.61816925068037,Hampel's three-part
0.0014246931780056,88.19759277715711,Hampel's three-part
0.0014295209288066,85.87074816957082,Hampel's three-part
0.0014343486796076,83.64338726704749,Hampel's three-part
0.0014391764304086,81.51855502386523,Hampel's three-part
0.0014440041812095,79.4966408562913,Hampel's three-part
0.0014488319320105,77.57556105075815,Hampel's three-part
0.0014536596828115,75.751055391889,Hampel's three-part
0.0014584874336125,74.01707525486098,Hampel's three-part
0.0014633151844135,72.3662360874679,Hampel's three-part
0.0014681429352144,70.79030470060167,Hampel's three-part
0.0014729706860154,69.2806911851645,Hampel's three-part
0.0014777984368164,67.82891654600567,Hampel's three-part
0.0014826261876174,66.42703013714943,Hampel's three-part
0.0014874539384184,65.06795543958266,Hampel's three-part
0.0014922816892193,63.74574830068149,Hampel's three-part
0.0014971094400203,62.455758051030585,Hampel's three-part
0.0015019371908213,61.19468849732876,Hampel's three-part
0.0015067649416223,59.96056222558073,Hampel's three-part
0.0015115926924233,58.75259753099994,Hampel's three-part
0.0015164204432243,57.57101226791419,Hampel's three-part
0.0015212481940252,56.41677270770191,Hampel's three-part
0.0015260759448262,55.29130791961605,Hampel's three-part
0.0015309036956272,54.19621116219689,Hampel's three-part
0.0015357314464282,53.13294930711459,Hampel's three-part
0.0015405591972292,52.10259952357153,Hampel's three-part
0.0015453869480301,51.10562952405572,Hampel's three-part
0.0015502146988311,50.141733871117125,Hampel's three-part
0.0015550424496321,49.20973447364434,Hampel's three-part
0.0015598702004331,48.30754878360835,Hampel's three-part
0.0015646979512341,47.43222466001688,Hampel's three-part
0.001569525702035,46.58003668890218,Hampel's three-part
0.001574353452836,45.74663518381141,Hampel's three-part
0.001579181203637,44.92723632750263,Hampel's three-part
0.001584008954438,44.11684007029585,Hampel's three-part
0.001588836705239,43.3104615196096,Hampel's three-part
0.00159366445604,42.50336161522216,Hampel's three-part
0.0015984922068409,41.691263801023545,Hampel's three-part
0.0016033199576419,40.87054504247156,Hampel's three-part
0.0016081477084429,40.03839173109941,Hampel's three-part
0.0016129754592439,39.192913576065706,Hampel's three-part
0.0016178032100449,38.333211317800505,Hampel's three-part
0.0016226309608458,37.4593968312755,Hampel's three-part
0.0016274587116468,36.572566759865445,Hampel's three-part
0.0016322864624478,35.67473310922672,Hampel's three-part
0.0016371142132488,34.76871614305447,Hampel's three-part
0.0016419419640498,33.85800640352981,Hampel's three-part
0.0016467697148507,32.94660370644397,Hampel's three-part
0.0016515974656517,32.03884154037091,Hampel's three-part
0.0016564252164527,31.139205458674127,Hampel's three-part
0.0016612529672537,30.25215383521129,Hampel's three-part
0.0016660807180547,29.3819488100502,Hampel's three-part
0.0016709084688557,28.532504433473694,Hampel's three-part
0.0016757362196566,27.707257976545115,Hampel's three-part
0.0016805639704576,26.909069162190512,Hampel's three-part
0.0016853917212586,26.14015072557204,Hampel's three-part
0.0016902194720596,25.40203227678701,Hampel's three-part
0.0016950472228606,24.695557951988903,Hampel's three-part
0.0016998749736615,24.020916841812493,Hampel's three-part
0.0017047027244625,23.37770372323638,Hampel's three-part
0.0017095304752635,22.76500624269455,Hampel's three-part
0.0017143582260645,22.1815134595285,Hampel's three-part
0.0017191859768655,21.625639618589336,Hampel's three-part
0.0017240137276664,21.095656238256847,Hampel's three-part
0.0017288414784674,20.58982513054881,Hampel's three-part
0.0017336692292684,20.106524859040444,Hampel's three-part
0.0017384969800694,19.644363418463467,Hampel's three-part
0.0017433247308704,19.2022705971664,Hampel's three-part
0.0017481524816714,18.779564545752542,Hampel's three-part
0.0017529802324723,18.37598848133478,Hampel's three-part
0.0017578079832733,17.991715139817344,Hampel's three-part
0.0017626357340743,17.627318457734653,Hampel's three-part
0.0017674634848753,17.283713911366753,Hampel's three-part
0.0017722912356763,16.962070843933958,Hampel's three-part
0.0017771189864772,16.66370184915332,Hampel's three-part
0.0017819467372782,16.38993573593913,Hampel's three-part
0.0017867744880792,16.141981675530705,Hampel's three-part
0.0017916022388802,15.920792754270671,Hampel's three-part
0.0017964299896812,15.726937278701485,Hampel's three-part
0.0018012577404822,15.56048579492116,Hampel's three-part
0.0018060854912831,15.420920916549656,Hampel's three-part
0.0018109132420841,15.307075763294018,Hampel's three-part
0.0018157409928851,15.217105180921353,Hampel's three-part
0.0018205687436861,15.148492050216632,Hampel's three-part
0.0018253964944871,15.098089016254482,Hampel's three-part
0.001830224245288,15.062194002268384,Hampel's three-part
0.001835051996089,15.03665603108512,Hampel's three-part
0.00183987974689,15.017006264574066,Hampel's three-part
0.001844707497691,14.99860787130102,Hampel's three-part
0.001849535248492,14.976817404402668,Hampel's three-part
0.0018543629992929,14.947149849953778,Hampel's three-part
0.0018591907500939,14.905439399946191,Hampel's three-part
0.0018640185008949,14.847988299489709,Hampel's three-part
0.0018688462516959,14.77169678135012,Hampel's three-part
0.0018736740024969,14.674168083348787,Hampel's three-part
0.0018785017532979,14.553783785321796,Hampel's three-part
0.0018833295040988,14.409746135334208,Hampel's three-part
0.0018881572548998,14.242085589591133,Hampel's three-part
0.0018929850057008,14.051633396693989,Hampel's three-part
0.0018978127565018,13.83996064623716,Hampel's three-part
0.0019026405073028,13.609286709395851,Hampel's three-part
0.0019074682581037,13.362361364915598,Hampel's three-part
0.0019122960089047,13.102326073155515,Hampel's three-part
0.0019171237597057,12.832560785572548,Hampel's three-part
0.0019219515105067,12.55652331720644,Hampel's three-part
0.0019267792613077,12.277588634809517,Hampel's three-part
0.0019316070121086,11.998895404110716,Hampel's three-part
0.0019364347629096,11.72320679042939,Hampel's three-part
0.0019412625137106,11.452791826530476,Hampel's three-part
0.0019460902645116,11.189332675396892,Hampel's three-part
0.0019509180153126,10.933861865031622,Hampel's three-part
0.0019557457661136,10.686732114617415,Hampel's three-part
0.0019605735169145,10.44761977702796,Hampel's three-part
0.0019654012677155,10.21556127273741,Hampel's three-part
0.0019702290185165,9.989020271439038,Hampel's three-part
0.0019750567693175,9.765981877683364,Hampel's three-part
0.0019798845201185,9.54406877820071,Hampel's three-part
0.0019847122709194,9.32067328344596,Hampel's three-part
0.0019895400217204,9.093098500973705,Hampel's three-part
0.0019943677725214,8.858701550687536,Hampel's three-part
0.0019991955233224,8.615031786753653,Hampel's three-part
0.0020040232741234,8.359957419665081,Hampel's three-part
0.0020088510249243,8.091774703496899,Hampel's three-part
0.0020136787757253,7.809294916224895,Hampel's three-part
0.0020185065265263,7.511905646706945,Hampel's three-part
0.0020233342773273,7.199604330195381,Hampel's three-part
0.0020281620281283,6.873003458316012,Hampel's three-part
0.0020329897789293,6.533308342078171,Hampel's three-part
0.0020378175297302,6.182269645658142,Hampel's three-part
0.0020426452805312,5.822114062836151,Hampel's three-part
0.0020474730313322,5.455457420116519,Hampel's three-part
0.0020523007821332,5.085205121462255,Hampel's three-part
0.0020571285329342,4.714445179347874,Hampel's three-part
0.0020619562837351,4.346339105194555,Hampel's three-part
0.0020667840345361,3.984015677439054,Hampel's three-part
0.0020716117853371,3.630472101896073,Hampel's three-part
0.0020764395361381,3.2884863739762,Hampel's three-part
0.0020812672869391,2.960543801876445,Hampel's three-part
0.00208609503774,2.648779714768436,Hampel's three-part
0.002090922788541,2.3549394212029697,Hampel's three-part
0.002095750539342,2.080355557535471,Hampel's three-part
0.002100578290143,1.8259421240065552,Hampel's three-part
0.002105406040944,1.5922037871403087,Hampel's three-part
0.002110233791745,1.379258459669756,Hampel's three-part
0.0021150615425459,1.1868707692419267,Hampel's three-part
0.0021198892933469,1.0144937985168054,Hampel's three-part
0.0021247170441479,0.8613164147062784,Hampel's three-part
0.0021295447949489,0.7263135895144195,Hampel's three-part
0.0021343725457499,0.6082973171329497,Hampel's three-part
0.0021392002965508,0.5059660400829638,Hampel's three-part
0.0021440280473518,0.4179508598087769,Hampel's three-part
0.0021488557981528,0.342857210785839,Hampel's three-part
0.0021536835489538,0.2793010854992159,Hampel's three-part
0.0021585112997548,0.2259392887988768,Hampel's three-part
0.0021633390505558,0.1814935545415904,Hampel's three-part
0.0021681668013567,0.1447686612153508,Hampel's three-part
0.0021729945521577,0.1146649280388296,Hampel's three-part
0.0021778223029587,0.0901856556031335,Hampel's three-part
0.0021826500537597,0.0704401967152707,Hampel's three-part
0.0021874778045607,0.0546434085302209,Hampel's three-part
0.0021923055553616,0.0421122537212854,Hampel's three-part
0.0021971333061626,0.0322602953099804,Hampel's three-part
0.0022019610569636,0.0245907764641224,Hampel's three-part
0.0022067888077646,0.0186889025093697,Hampel's three-part
0.0022116165585656,0.0142138562034826,Hampel's three-part
0.0022164443093665,0.0108909863411993,Hampel's three-part
0.0022212720601675,0.0085045197940457,Hampel's three-part
0.0022260998109685,0.0068910622963669,Hampel's three-part
0.0022309275617695,0.0059340762047448,Hampel's three-part
0.0022357553125705,0.0055594551552147,Hampel's three-part
0.0022405830633715,0.0057322558579035,Hampel's three-part
0.0022454108141724,0.006454595086663,Hampel's three-part
0.0022502385649734,0.0077646734875772,Hampel's three-part
0.0022550663157744,0.0097368450736109,Hampel's three-part
0.0022598940665754,0.0124826101204921,Hampel's three-part
0.0022647218173764,0.0161523678540212,Hampel's three-part
0.0022695495681773,0.0209377226067263,Hampel's three-part
0.0022743773189783,0.0270740925973887,Hampel's three-part
0.0022792050697793,0.0348433246913718,Hampel's three-part
0.0022840328205803,0.0445759730518658,Hampel's three-part
0.0022888605713813,0.0566528572234574,Hampel's three-part
0.0022936883221822,0.0715054796858651,Hampel's three-part
0.0022985160729832,0.0896148589565521,Hampel's three-part
0.0023033438237842,0.1115083272037442,Hampel's three-part
0.0023081715745852,0.1377538565845501,Hampel's three-part
0.0023129993253862,0.1689515214124244,Hampel's three-part
0.0023178270761872,0.2057217782114278,Hampel's three-part
0.0023226548269881,0.2486903556966853,Hampel's three-part
0.0023274825777891,0.2984696926077289,Hampel's three-part
0.0023323103285901,0.3556370413392544,Hampel's three-part
0.0023371380793911,0.4207095645992212,Hampel's three-part
0.0023419658301921,0.4941169826839956,Hampel's three-part
0.002346793580993,0.5761725688941182,Hampel's three-part
0.002351621331794,0.6670435256377216,Hampel's three-part
0.002356449082595,0.7667219870793488,Hampel's three-part
0.002361276833396,0.8749980676571562,Hampel's three-part
0.002366104584197,0.9914364912291208,Hampel's three-part
0.0023709323349979,1.115358376286775,Hampel's three-part
0.0023757600857989,1.2458297049000226,Hampel's three-part
0.0023805878365999,1.3816578577487777,Hampel's three-part
0.0023854155874009,1.5213973516510548,Hampel's three-part
0.0023902433382019,1.6633655733204862,Hampel's three-part
0.0023950710890029,1.8056688751320709,Hampel's three-part
0.0023998988398038,1.946238904387236,Hampel's three-part
0.0024047265906048,2.0828785026750687,Hampel's three-part
0.0024095543414058,2.213315967550097,Hampel's three-part
0.0024143820922068,2.335265949454573,Hampel's three-part
0.0024192098430078,2.4464947981669227,Hampel's three-part
0.0024240375938087,2.544887808907053,Hampel's three-part
0.0024288653446097,2.628515577943467,Hampel's three-part
0.0024336930954107,2.695696583447395,Hampel's three-part
0.0024385208462117,2.7450531725833027,Hampel's three-part
0.0024433485970127,2.775558362942616,Hampel's three-part
0.0024481763478136,2.78657124669201,Hampel's three-part
0.0024530040986146,2.777859299519875,Hampel's three-part
0.0024578318494156,2.749606514155887,Hampel's three-part
0.0024626596002166,2.702406962716573,Hampel's three-part
8.38794196432285e-05,63.30918922217377,Tukey's biweight
8.862176911448886e-05,68.1231347248949,Tukey's biweight
9.33641185857492e-05,73.19735556224667,Tukey's biweight
9.810646805700956e-05,78.53700989680736,Tukey's biweight
0.0001028488175282,84.14665005723751,Tukey's biweight
0.0001075911669995,90.03017326102955,Tukey's biweight
0.0001123335164707,96.19077485197484,Tukey's biweight
0.000117075865942,102.63090461444897,Tukey's biweight
0.0001218182154133,109.35222671902714,Tukey's biweight
0.0001265605648845,116.35558383811154,Tukey's biweight
0.0001313029143558,123.640965946091,Tukey's biweight
0.000136045263827,131.2074842861233,Tukey's biweight
0.0001407876132983,139.05335094520115,Tukey's biweight
0.0001455299627696,147.1758644311519,Tukey's biweight
0.0001502723122408,155.57140159023095,Tukey's biweight
0.0001550146617121,164.2354161427535,Tukey's biweight
0.0001597570111833,173.16244404764922,Tukey's biweight
0.0001644993606546,182.34611583592888,Tukey's biweight
0.0001692417101259,191.7791759788718,Tukey's biweight
0.0001739840595971,201.45350928044493,Tukey's biweight
0.0001787264090684,211.36017420615045,Tukey's biweight
0.0001834687585396,221.4894429833141,Tukey's biweight
0.0001882111080109,231.8308482318811,Tukey's biweight
0.0001929534574822,242.3732358110128,Tukey's biweight
0.0001976958069534,253.10482349615563,Tukey's biweight
0.0002024381564247,264.0132650345698,Tukey's biweight
0.0002071805058959,275.08571906515,Tukey's biweight
0.0002119228553672,286.308922331393,Tukey's biweight
0.0002166652048385,297.66926656490847,Tukey's biweight
0.0002214075543097,309.1528783712547,Tukey's biweight
0.000226149903781,320.74570141031063,Tukey's biweight
0.0002308922532522,332.43358013002614,Tukey's biweight
0.0002356346027235,344.2023442852933,Tukey's biweight
0.0002403769521948,356.0378934529342,Tukey's biweight
0.000245119301666,367.9262807395221,Tukey's biweight
0.0002498616511373,379.8537948709928,Tukey's biweight
0.0002546040006086,391.8070398520585,Tukey's biweight
0.0002593463500798,403.7730113894912,Tukey's biweight
0.0002640886995511,415.73916928669695,Tukey's biweight
0.0002688310490223,427.69350503824217,Tukey's biweight
0.0002735733984936,439.6246038823216,Tukey's biweight
0.0002783157479649,451.5217006073824,Tukey's biweight
0.0002830580974361,463.37472845651234,Tukey's biweight
0.0002878004469074,475.1743605303254,Tukey's biweight
0.0002925427963786,486.9120431563462,Tukey's biweight
0.0002972851458499,498.5800207704573,Tukey's biweight
0.0003020274953212,510.1713519438423,Tukey's biweight
0.0003067698447924,521.6799162868951,Tukey's biweight
0.0003115121942637,533.1004120691017,Tukey's biweight
0.0003162545437349,544.4283445101156,Tukey's biweight
0.0003209968932062,555.6600048208252,Tukey's biweight
0.0003257392426775,566.7924402026259,Tukey's biweight
0.0003304815921487,577.8234151460555,Tukey's biweight
0.00033522394162,588.7513645044165,Tukey's biweight
0.0003399662910912,599.575338950978,Tukey's biweight
0.0003447086405625,610.2949435569624,Tukey's biweight
0.0003494509900338,620.9102703488726,Tukey's biweight
0.000354193339505,631.4218258142612,Tukey's biweight
0.0003589356889763,641.8304544218826,Tukey's biweight
0.0003636780384475,652.1372593023032,Tukey's biweight
0.0003684203879188,662.3435212955628,Tukey's biweight
0.0003731627373901,672.4506176112488,Tukey's biweight
0.0003779050868613,682.4599413612295,Tukey's biweight
0.0003826474363326,692.3728232154326,Tukey's biweight
0.0003873897858038,702.1904563953349,Tukey's biweight
0.0003921321352751,711.9138261587398,Tukey's biweight
0.0003968744847464,721.5436448436157,Tukey's biweight
0.0004016168342176,731.0802934298813,Tukey's biweight
0.0004063591836889,740.5237704484786,Tukey's biweight
0.0004111015331601,749.8736489195661,Tukey's biweight
0.0004158438826314,759.1290418401481,Tukey's biweight
0.0004205862321027,768.288576569646,Tukey's biweight
0.0004253285815739,777.350378284398,Tukey's biweight
0.0004300709310452,786.3120624933572,Tukey's biweight
0.0004348132805164,795.1707364320051,Tukey's biweight
0.0004395556299877,803.9230089843544,Tukey's biweight
0.000444297979459,812.5650086279537,Tukey's biweight
0.0004490403289302,821.0924087582056,Tukey's biweight
0.0004537826784015,829.5004596291013,Tukey's biweight
0.0004585250278727,837.784026050688,Tukey's biweight
0.000463267377344,845.9376299107066,Tukey's biweight
0.0004680097268153,853.9554965407841,Tukey's biweight
0.0004727520762865,861.8316039257247,Tukey's biweight
0.0004774944257578,869.5597337582335,Tukey's biweight
0.000482236775229,877.1335233689797,Tukey's biweight
0.0004869791247003,884.5465176115783,Tukey's biweight
0.0004917214741716,891.7922198511819,Tukey's biweight
0.0004964638236428,898.8641412906878,Tukey's biweight
0.0005012061731141,905.755847966824,Tukey's biweight
0.0005059485225853,912.4610048557078,Tukey's biweight
0.0005106908720566,918.9734166399428,Tukey's biweight
0.0005154332215279,925.2870648034752,Tukey's biweight
0.0005201755709991,931.3961408323826,Tukey's biweight
0.0005249179204704,937.2950754064916,Tukey's biweight
0.0005296602699417,942.978563565178,Tukey's biweight
0.0005344026194129,948.4415859190018,Tukey's biweight
0.0005391449688842,953.679426054635,Tukey's biweight
0.0005438873183554,958.687684343385,Tukey's biweight
0.0005486296678267,963.4622884126456,Tukey's biweight
0.000553372017298,967.9995005748178,Tukey's biweight
0.0005581143667692,972.2959225309418,Tukey's biweight
0.0005628567162405,976.3484976765824,Tukey's biweight
0.0005675990657117,980.1545113380048,Tukey's biweight
0.000572341415183,983.711589258335,Tukey's biweight
0.0005770837646543,987.0176946387828,Tukey's biweight
0.0005818261141255,990.0711240206664,Tukey's biweight
0.0005865684635968,992.870502272424,Tukey's biweight
0.000591310813068,995.4147769232892,Tukey's biweight
0.0005960531625393,997.7032120639096,Tukey's biweight
0.0006007955120106,999.7353820148264,Tukey's biweight
0.0006055378614818,1001.5111649473864,Tukey's biweight
0.0006102802109531,1003.0307366287902,Tukey's biweight
0.0006150225604243,1004.2945644536206,Tukey's biweight
0.0006197649098956,1005.3034019178536,Tukey's biweight
0.0006245072593669,1006.058283687566,Tukey's biweight
0.0006292496088381,1006.5605214119344,Tukey's biweight
0.0006339919583094,1006.8117004276622,Tukey's biweight
0.0006387343077806,1006.8136774981168,Tukey's biweight
0.0006434766572519,1006.5685797237804,Tukey's biweight
0.0006482190067232,1006.0788047497034,Tukey's biweight
0.0006529613561944,1005.347022379116,Tukey's biweight
0.0006577037056657,1004.376177679368,Tukey's biweight
0.0006624460551369,1003.1694956359206,Tukey's biweight
0.0006671884046082,1001.7304873721184,Tukey's biweight
0.0006719307540795,1000.062957906766,Tukey's biweight
0.0006766731035507,998.1710153688248,Tukey's biweight
0.000681415453022,996.0590815294746,Tukey's biweight
0.0006861578024932,993.731903448248,Tukey's biweight
0.0006909001519645,991.1945659631205,Tukey's biweight
0.0006956425014358,988.4525046867468,Tukey's biweight
0.000700384850907,985.5115191050288,Tukey's biweight
0.0007051272003783,982.377785311696,Tukey's biweight
0.0007098695498495,979.0578678570852,Tukey's biweight
0.0007146118993208,975.558730142552,Tukey's biweight
0.0007193542487921,971.8877427569068,Tukey's biweight
0.0007240965982633,968.0526891297626,Tukey's biweight
0.0007288389477346,964.0617678709476,Tukey's biweight
0.0007335812972058,959.9235911760586,Tukey's biweight
0.0007383236466771,955.6471787074288,Tukey's biweight
0.0007430659961484,951.2419464071892,Tukey's biweight
0.0007478083456196,946.7176897648262,Tukey's biweight
0.0007525506950909,942.0845611449396,Tukey's biweight
0.0007572930445621,937.3530408805484,Tukey's biweight
0.0007620353940334,932.5339019514286,Tukey's biweight
0.0007667777435047,927.6381681932324,Tukey's biweight
0.0007715200929759,922.6770661189956,Tukey's biweight
0.0007762624424472,917.661970576636,Tukey's biweight
0.0007810047919185,912.6043446110452,Tukey's biweight
0.0007857471413897,907.5156740436574,Tukey's biweight
0.000790489490861,902.407397422179,Tukey's biweight
0.0007952318403322,897.2908321248476,Tukey's biweight
0.0007999741898035,892.1770975236496,Tukey's biweight
0.0008047165392748,887.0770362157881,Tukey's biweight
0.000809458888746,882.0011344193972,Tukey's biweight
0.0008142012382173,876.9594426955166,Tukey's biweight
0.0008189435876885,871.9614982010728,Tukey's biweight
0.0008236859371598,867.0162496959199,Tukey's biweight
0.0008284282866311,862.1319865193035,Tukey's biweight
0.0008331706361023,857.316272717292,Tukey's biweight
0.0008379129855736,852.5758874430998,Tukey's biweight
0.0008426553350448,847.9167726670387,Tukey's biweight
0.0008473976845161,843.3439891245383,Tukey's biweight
0.0008521400339874,838.861681300564,Tukey's biweight
0.0008568823834586,834.4730520999469,Tukey's biweight
0.0008616247329299,830.180347688767,Tukey's biweight
0.0008663670824011,825.9848528156548,Tukey's biweight
0.0008711094318724,821.8868967373819,Tukey's biweight
0.0008758517813437,817.885869685136,Tukey's biweight
0.0008805941308149,813.9802496202653,Tukey's biweight
0.0008853364802862,810.1676388455758,Tukey's biweight
0.0008900788297574,806.4448098649444,Tukey's biweight
0.0008948211792287,802.8077597236581,Tukey's biweight
0.0008995635287,799.2517719187928,Tukey's biweight
0.0009043058781712,795.7714848458381,Tukey's biweight
0.0009090482276425,792.3609656480086,Tukey's biweight
0.0009137905771137,789.0137882599944,Tukey's biweight
0.000918532926585,785.7231143901057,Tukey's biweight
0.0009232752760563,782.4817761645779,Tukey's biweight
0.0009280176255275,779.2823591653507,Tukey's biweight
0.0009327599749988,776.1172846273578,Tukey's biweight
0.00093750232447,772.9788896217647,Tukey's biweight
0.0009422446739413,769.8595041358926,Tukey's biweight
0.0009469870234126,766.7515240659426,Tukey's biweight
0.0009517293728838,763.6474792620144,Tukey's biweight
0.0009564717223551,760.5400959028353,Tukey's biweight
0.0009612140718263,757.4223526257572,Tukey's biweight
0.0009659564212976,754.2875299924749,Tukey's biweight
0.0009706987707689,751.1292530275051,Tukey's biweight
0.0009754411202401,747.9415267215207,Tukey's biweight
0.0009801834697114,744.7187645400658,Tukey's biweight
0.0009849258191826,741.455810117472,Tukey's biweight
0.0009896681686539,738.1479524414626,Tukey's biweight
0.0009944105181252,734.7909349439167,Tukey's biweight
0.0009991528675964,731.3809590050138,Tukey's biweight
0.0010038952170677,727.9146824498289,Tukey's biweight
0.0010086375665389,724.3892136673857,Tukey's biweight
0.0010133799160102,720.8021020120625,Tukey's biweight
0.0010181222654815,717.1513251561845,Tukey's biweight
0.0010228646149527,713.4352740519032,Tukey's biweight
0.001027606964424,709.6527361312749,Tukey's biweight
0.0010323493138952,705.8028773282459,Tukey's biweight
0.0010370916633665,701.8852234473578,Tukey's biweight
0.0010418340128378,697.8996413340477,Tukey's biweight
0.001046576362309,693.8463202239806,Tukey's biweight
0.0010513187117803,689.7257535664386,Tukey's biweight
0.0010560610612516,685.5387215329904,Tukey's biweight
0.0010608034107228,681.2862743403236,Tukey's biweight
0.0010655457601941,676.9697164378609,Tukey's biweight
0.0010702881096653,672.5905915394758,Tukey's biweight
0.0010750304591366,668.1506684158236,Tukey's biweight
0.0010797728086079,663.6519273117578,Tukey's biweight
0.0010845151580791,659.0965468126133,Tukey's biweight
0.0010892575075504,654.4868909549782,Tukey's biweight
0.0010939998570216,649.8254963618282,Tukey's biweight
0.0010987422064929,645.1150591784062,Tukey's biweight
0.0011034845559642,640.3584215933763,Tukey's biweight
0.0011082269054354,635.558557748386,Tukey's biweight
0.0011129692549067,630.7185588668642,Tukey's biweight
0.0011177116043779,625.8416174682332,Tukey's biweight
0.0011224539538492,620.931010574692,Tukey's biweight
0.0011271963033205,615.9900818627409,Tukey's biweight
0.0011319386527917,611.0222227586421,Tukey's biweight
0.001136681002263,606.0308525244079,Tukey's biweight
0.0011414233517342,601.0193974269084,Tukey's biweight
0.0011461657012055,595.9912691260062,Tukey's biweight
0.0011509080506768,590.9498424567273,Tukey's biweight
0.001155650400148,585.8984328147545,Tukey's biweight
0.0011603927496193,580.840273382905,Tukey's biweight
0.0011651350990905,575.7784924583661,Tukey's biweight
0.0011698774485618,570.7160911562711,Tukey's biweight
0.0011746197980331,565.6559217743146,Tukey's biweight
0.0011793621475043,560.6006671061272,Tukey's biweight
0.0011841044969756,555.5528209880954,Tukey's biweight
0.0011888468464468,550.5146703560245,Tukey's biweight
0.0011935891959181,545.4882790746975,Tukey's biweight
0.0011983315453894,540.4754737859989,Tukey's biweight
0.0012030738948606,535.4778320002175,Tukey's biweight
0.0012078162443319,530.496672631131,Tukey's biweight
0.0012125585938031,525.5330491491716,Tukey's biweight
0.0012173009432744,520.5877454987664,Tukey's biweight
0.0012220432927457,515.6612748964507,Tukey's biweight
0.0012267856422169,510.7538815958858,Tukey's biweight
0.0012315279916882,505.8655456747924,Tukey's biweight
0.0012362703411594,500.9959908674024,Tukey's biweight
0.0012410126906307,496.1446954344218,Tukey's biweight
0.001245755040102,491.3109060308968,Tukey's biweight
0.0012504973895732,486.4936545010729,Tukey's biweight
0.0012552397390445,481.69177749807983,Tukey's biweight
0.0012599820885157,476.9039387957079,Tukey's biweight
0.001264724437987,472.1286541292801,Tukey's biweight
0.0012694667874583,467.36431837318594,Tukey's biweight
0.0012742091369295,462.6092348339997,Tukey's biweight
0.0012789514864008,457.8616464104962,Tukey's biweight
0.001283693835872,453.1197683455718,Tukey's biweight
0.0012884361853433,448.3818222701943,Tukey's biweight
0.0012931785348146,443.6460712164907,Tukey's biweight
0.0012979208842858,438.9108552559897,Tukey's biweight
0.0013026632337571,434.1746274003241,Tukey's biweight
0.0013074055832283,429.4359893856652,Tukey's biweight
0.0013121479326996,424.6937269488581,Tukey's biweight
0.0013168902821709,419.94684419333777,Tukey's biweight
0.0013216326316421,415.1945966363243,Tukey's biweight
0.0013263749811134,410.4365225259997,Tukey's biweight
0.0013311173305847,405.67247201863375,Tukey's biweight
0.0013358596800559,400.90263381095815,Tukey's biweight
0.0013406020295272,396.12755883306426,Tukey's biweight
0.0013453443789984,391.34818062153306,Tukey's biweight
0.0013500867284697,386.5658320119027,Tukey's biweight
0.001354829077941,381.7822578138421,Tukey's biweight
0.0013595714274122,376.999623161801,Tukey's biweight
0.0013643137768835,372.2205172684608,Tukey's biweight
0.0013690561263547,367.4479523479818,Tukey's biweight
0.001373798475826,362.6853575209368,Tukey's biweight
0.0013785408252973,357.9365675626212,Tukey's biweight
0.0013832831747685,353.2058064111387,Tukey's biweight
0.0013880255242398,348.49766541075195,Tukey's biweight
0.001392767873711,343.81707632921183,Tukey's biweight
0.0013975102231823,339.1692792544873,Tukey's biweight
0.0014022525726536,334.5597855457792,Tukey's biweight
0.0014069949221248,329.9943360852369,Tukey's biweight
0.0014117372715961,325.47885514921205,Tukey's biweight
0.0014164796210673,321.0194002902981,Tukey's biweight
0.0014212219705386,316.6221086924152,Tukey's biweight
0.0014259643200099,312.29314052959205,Tukey's biweight
0.0014307066694811,308.03861992332617,Tukey's biweight
0.0014354490189524,303.8645741522112,Tukey's biweight
0.0014401913684236,299.77687181917776,Tukey's biweight
0.0014449337178949,295.7811607249722,Tukey's biweight
0.0014496760673662,291.8828062298292,Tukey's biweight
0.0014544184168374,288.0868309075941,Tukey's biweight
0.0014591607663087,284.3978563064843,Tukey's biweight
0.0014639031157799,280.8200476275719,Tukey's biweight
0.0014686454652512,277.3570621150372,Tukey's biweight
0.0014733878147225,274.0120019210596,Tukey's biweight
0.0014781301641937,270.7873721627064,Tukey's biweight
0.001482872513665,267.6850448286003,Tukey's biweight
0.0014876148631362,264.7062291201828,Tukey's biweight
0.0014923572126075,261.8514487267926,Tukey's biweight
0.0014970995620788,259.1205264370644,Tukey's biweight
0.00150184191155,256.5125763826837,Tukey's biweight
0.0015065842610213,254.02600409638444,Tukey's biweight
0.0015113266104925,251.658514446262,Tukey's biweight
0.0015160689599638,249.4071273854261,Tukey's biweight
0.0015208113094351,247.26820133221025,Tukey's biweight
0.0015255536589063,245.2374638741469,Tukey's biweight
0.0015302960083776,243.3100493714049,Tukey's biweight
0.0015350383578488,241.48054292484872,Tukey's biweight
0.0015397807073201,239.74303007286585,Tukey's biweight
0.0015445230567914,238.09115149181312,Tukey's biweight
0.0015492654062626,236.5181618994761,Tukey's biweight
0.0015540077557339,235.0169923009817,Tukey's biweight
0.0015587501052051,233.5803146735604,Tukey's biweight
0.0015634924546764,232.200608161413,Tukey's biweight
0.0015682348041477,230.870225845228,Tukey's biweight
0.0015729771536189,229.58146116274048,Tukey's biweight
0.0015777195030902,228.3266130867675,Tukey's biweight
0.0015824618525614,227.09804921460707,Tukey's biweight
0.0015872042020327,225.88826598625107,Tukey's biweight
0.001591946551504,224.68994532701305,Tukey's biweight
0.0015966889009752,223.49600710071675,Tukey's biweight
0.0016014312504465,222.29965686038824,Tukey's biweight
0.0016061735999178,221.09442849171467,Tukey's biweight
0.001610915949389,219.87422145769003,Tukey's biweight
0.0016156582988603,218.6333324679196,Tukey's biweight
0.0016204006483315,217.36648151016584,Tukey's biweight
0.0016251429978028,216.06883229190743,Tukey's biweight
0.0016298853472741,214.736007243308,Tukey's biweight
0.0016346276967453,213.3640973274728,Tukey's biweight
0.0016393700462166,211.9496669869241,Tukey's biweight
0.0016441123956878,210.4897546250104,Tukey's biweight
0.0016488547451591,208.9818690758601,Tukey's biweight
0.0016535970946304,207.4239825555441,Tukey's biweight
0.0016583394441016,205.8145206096295,Tukey's biweight
0.0016630817935729,204.1523495782864,Tukey's biweight
0.0016678241430441,202.43676208988745,Tukey's biweight
0.0016725664925154,200.66746106859893,Tukey's biweight
0.0016773088419867,198.8445427021204,Tukey's biweight
0.0016820511914579,196.9684787643176,Tukey's biweight
0.0016867935409292,195.0400986261824,Tukey's biweight
0.0016915358904004,193.0605712198151,Tukey's biweight
0.0016962782398717,191.0313871466722,Tukey's biweight
0.001701020589343,188.9543410459997,Tukey's biweight
0.0017057629388142,186.83151426503528,Tukey's biweight
0.0017105052882855,184.66525780213533,Tukey's biweight
0.0017152476377567,182.4581754300243,Tukey's biweight
0.001719989987228,180.2131068514736,Tukey's biweight
0.0017247323366993,177.93311069588952,Tukey's biweight
0.0017294746861705,175.62144713435669,Tukey's biweight
0.0017342170356418,173.28155987383377,Tukey's biweight
0.001738959385113,170.91705728920056,Tukey's biweight
0.0017437017345843,168.53169246493687,Tukey's biweight
0.0017484440840556,166.12934194596107,Tukey's biweight
0.0017531864335268,163.7139830387026,Tukey's biweight
0.0017579287829981,161.2896695573935,Tukey's biweight
0.0017626711324693,158.8605059748625,Tukey's biweight
0.0017674134819406,156.4306200095582,Tukey's biweight
0.0017721558314119,154.004133758347,Tukey's biweight
0.0017768981808831,151.5851335649622,Tukey's biweight
0.0017816405303544,149.17763889373322,Tukey's biweight
0.0017863828798256,146.7855705542687,Tukey's biweight
0.0017911252292969,144.4127186920969,Tukey's biweight
0.0017958675787682,142.0627110199993,Tukey's biweight
0.0018006099282394,139.73898181234424,Tukey's biweight
0.0018053522777107,137.44474221792484,Tukey's biweight
0.0018100946271819,135.18295246393487,Tukey's biweight
0.0018148369766532,132.9562965235214,Tukey's biweight
0.0018195793261245,130.7671598012198,Tukey's biweight
0.0018243216755957,128.61761035451852,Tukey's biweight
0.001829064025067,126.50938411631265,Tukey's biweight
0.0018338063745382,124.44387451336024,Tukey's biweight
0.0018385487240095,122.4221267917244,Tukey's biweight
0.0018432910734808,120.44483726385232,Tukey's biweight
0.001848033422952,118.51235758608011,Tukey's biweight
0.0018527757724233,116.62470406299416,Tukey's biweight
0.0018575181218946,114.78157185950192,Tukey's biweight
0.0018622604713658,112.98235388610152,Tukey's biweight
0.0018670028208371,111.22616401113696,Tukey's biweight
0.0018717451703083,109.5118641491526,Tukey's biweight
0.0018764875197796,107.83809468002254,Tukey's biweight
0.0018812298692509,106.20330757217724,Tukey's biweight
0.0018859722187221,104.605801517531,Tukey's biweight
0.0018907145681934,103.04375833762911,Tukey's biweight
0.0018954569176646,101.5152798916098,Tukey's biweight
0.0019001992671359,100.01842470775786,Tukey's biweight
0.0019049416166072,98.55124357202162,Tukey's biweight
0.0019096839660784,97.11181333862169,Tukey's biweight
0.0019144263155497,95.698268278906,Tukey's biweight
0.0019191686650209,94.30882835345918,Tukey's biweight
0.0019239110144922,92.94182387719542,Tukey's biweight
0.0019286533639635,91.59571614531365,Tukey's biweight
0.0019333957134347,90.2691136967757,Tukey's biweight
0.001938138062906,88.9607840082752,Tukey's biweight
0.0019428804123772,87.66966053217803,Tukey's biweight
0.0019476227618485,86.39484511326805,Tukey's biweight
0.0019523651113198,85.1356059378741,Tukey's biweight
0.001957107460791,83.89137128182828,Tukey's biweight
0.0019618498102623,82.66171942758791,Tukey's biweight
0.0019665921597335,81.44636521294142,Tukey's biweight
0.0019713345092048,80.24514375156689,Tukey's biweight
0.0019760768586761,79.05799192730575,Tukey's biweight
0.0019808192081473,77.8849283078538,Tukey's biweight
0.0019855615576186,76.7260321486346,Tukey's biweight
0.0019903039070898,75.58142216350852,Tukey's biweight
0.0019950462565611,74.4512357257559,Tukey's biweight
0.0019997886060324,73.33560913116683,Tukey's biweight
0.0020045309555036,72.2346595062246,Tukey's biweight
0.0020092733049749,71.14846887997145,Tukey's biweight
0.0020140156544461,70.0770708602766,Tukey's biweight
0.0020187580039174,69.02044026634802,Tukey's biweight
0.0020235003533887,67.97848597215506,Tukey's biweight
0.0020282427028599,66.95104711291499,Tukey's biweight
0.0020329850523312,65.93789270195336,Tukey's biweight
0.0020377274018024,64.9387246011465,Tukey's biweight
0.0020424697512737,63.95318368778274,Tukey's biweight
0.002047212100745,62.98085896683482,Tukey's biweight
0.0020519544502162,62.021299292930685,Tukey's biweight
0.0020566967996875,61.07402729298038,Tukey's biweight
0.0020614391491587,60.13855502037308,Tukey's biweight
0.00206618149863,59.214400826349184,Tukey's biweight
0.0020709238481013,58.30110690457929,Tukey's biweight
0.0020756661975725,57.39825695165996,Tukey's biweight
0.0020804085470438,56.50549338918525,Tukey's biweight
0.002085150896515,55.622533611811456,Tukey's biweight
0.0020898932459863,54.74918475938823,Tukey's biweight
0.0020946355954576,53.8853565584381,Tukey's biweight
0.0020993779449288,53.03107183732166,Tukey's biweight
0.0021041202944001,52.18647438831759,Tukey's biweight
0.0021088626438713,51.35183392630725,Tukey's biweight
0.0021136049933426,50.52754797537951,Tukey's biweight
0.0021183473428139,49.71414059894035,Tukey's biweight
0.0021230896922851,48.91225797333889,Tukey's biweight
0.0021278320417564,48.12266088715484,Tukey's biweight
0.0021325743912277,47.34621432585692,Tukey's biweight
0.0021373167406989,46.58387437247259,Tukey's biweight
0.0021420590901702,45.83667271740198,Tukey's biweight
0.0021468014396414,45.10569912310057,Tukey's biweight
0.0021515437891127,44.3920822309264,Tukey's biweight
0.002156286138584,43.69696912726862,Tukey's biweight
0.0021610284880552,43.02150410379576,Tukey's biweight
0.0021657708375265,42.36680705233645,Tukey's biweight
0.0021705131869977,41.73395192894055,Tukey's biweight
0.002175255536469,41.12394570481763,Tukey's biweight
0.0021799978859403,40.53770819518204,Tukey's biweight
0.0021847402354115,39.976053121849056,Tukey's biweight
0.0021894825848828,39.439670723249534,Tukey's biweight
0.002194224934354,38.92911217800957,Tukey's biweight
0.0021989672838253,38.444776057112826,Tukey's biweight
0.0022037096332966,37.98689696667503,Tukey's biweight
0.0022084519827678,37.55553649022147,Tukey's biweight
0.0022131943322391,37.15057648766968,Tukey's biweight
0.0022179366817103,36.77171475944151,Tukey's biweight
0.0022226790311816,36.418463039519104,Tukey's biweight
0.0022274213806529,36.0901472418501,Tukey's biweight
0.0022321637301241,35.78590985108317,Tukey's biweight
0.0022369060795954,35.504714321682584,Tukey's biweight
0.0022416484290666,35.24535132927372,Tukey's biweight
0.0022463907785379,35.006446704585095,Tukey's biweight
0.0022511331280092,34.78647087330035,Tukey's biweight
0.0022558754774804,34.58374962400798,Tukey's biweight
0.0022606178269517,34.39647603055232,Tukey's biweight
0.0022653601764229,34.22272336357116,Tukey's biweight
0.0022701025258942,34.060458837899084,Tukey's biweight
0.0022748448753655,33.90755805676262,Tukey's biweight
0.0022795872248367,33.76182002923076,Tukey's biweight
0.002284329574308,33.620982653155416,Tukey's biweight
0.0022890719237792,33.48273857084984,Tukey's biweight
0.0022938142732505,33.34475131812024,Tukey's biweight
0.0022985566227218,33.204671698220444,Tukey's biweight
0.002303298972193,33.06015432025444,Tukey's biweight
0.0023080413216643,32.90887424607992,Tukey's biweight
0.0023127836711355,32.748543690652106,Tukey's biweight
0.0023175260206068,32.57692871796623,Tukey's biweight
0.0023222683700781,32.39186586847951,Tukey's biweight
0.0023270107195493,32.19127864448039,Tukey's biweight
0.0023317530690206,31.97319376785051,Tukey's biweight
0.0023364954184918,31.73575711070089,Tukey's biweight
0.0023412377679631,31.4772491842483,Tukey's biweight
0.0023459801174344,31.19610005589116,Tukey's biweight
0.0023507224669056,30.89090354966768,Tukey's biweight
0.0023554648163769,30.560430572043632,Tukey's biweight
0.0023602071658481,30.203641394180483,Tukey's biweight
0.0023649495153194,29.819696714296256,Tukey's biweight
0.0023696918647907,29.4079673201795,Tukey's biweight
0.0023744342142619,28.96804217293948,Tukey's biweight
0.0023791765637332,28.49973473911853,Tukey's biweight
0.0023839189132044,28.00308740961276,Tukey's biweight
0.0023886612626757,27.47837386052661,Tukey's biweight
0.002393403612147,26.92609923300567,Tukey's biweight
0.0023981459616182,26.34699803594248,Tukey's biweight
0.0024028883110895,25.74202970673517,Tukey's biweight
0.0024076306605608,25.112371800343173,Tukey's biweight
0.002412373010032,24.459410814904206,Tukey's biweight
0.0024171153595033,23.784730702227787,Tukey's biweight
0.0024218577089745,23.090099152531764,Tukey's biweight
0.0024266000584458,22.37745178375257,Tukey's biweight
0.0024313424079171,21.64887440553359,Tukey's biweight
0.0024360847573883,20.90658356548306,Tukey's biweight
0.0024408271068596,20.15290561945117,Tukey's biweight
0.0024455694563308,19.390254597443644,Tukey's biweight
0.0024503118058021,18.62110916152573,Tukey's biweight
